{"stats":{"minecraft:custom":{"minecraft:blood":0,"minecraft:mob_kills":47,"minecraft:dexterity":9,"minecraft:interact_with_crafting_table":34,"minecraft:open_barrel":3,"minecraft:leave_game":1,"minecraft:time_since_death":2297,"minecraft:climb_one_cm":668,"minecraft:mana":223,"minecraft:magic_shield":0,"minecraft:sprint_one_cm":461837,"minecraft:walk_one_cm":352575,"minecraft:damage_blocked_by_shield":25,"minecraft:drop":95,"minecraft:health":250,"minecraft:deaths":2,"minecraft:play_time":181235,"minecraft:sneak_time":12211,"minecraft:walk_under_water_one_cm":25027,"minecraft:boat_one_cm":180256,"minecraft:jump":3285,"minecraft:energy":180,"minecraft:walk_on_water_one_cm":61581,"minecraft:total_world_time":181235,"minecraft:interact_with_furnace":55,"minecraft:intelligence":7,"minecraft:move_speed":0,"minecraft:sleep_in_bed":3,"minecraft:levels_gained":6,"minecraft:time_since_rest":2324,"minecraft:damage_taken":2084451343,"minecraft:damage_absorbed":2147483647,"minecraft:damage_dealt":7724,"minecraft:swim_one_cm":89074,"minecraft:fly_one_cm":486617,"minecraft:open_chest":22,"minecraft:crouch_one_cm":22762,"minecraft:strength":17,"minecraft:fall_one_cm":71482},"minecraft:dropped":{"minecraft:wheat_seeds":5,"minecraft:golden_pickaxe":2,"mmorpg:skill_gems/support/dex":1,"weaponmaster:tutorialbook":1,"travelersbackpack:bee":1,"minecraft:iron_helmet":3,"minecraft:cobblestone":1,"minecraft:glow_berries":2,"minecraft:leather":5,"weaponmaster:wm_broadsword":1,"minecraft:red_mushroom":1,"mmorpg:weapon/staff/wood":2,"minecraft:stick":7,"minecraft:cobweb":4,"minecraft:dirt":3,"minecraft:iron_leggings":5,"divinerpg:realmite_pickaxe":1,"minecraft:pumpkin":2,"minecraft:white_wool":4,"minecraft:bone":1,"minecraft:gravel":4,"divinerpg:realmite_helmet":1,"minecraft:rotten_flesh":18,"divinerpg:crab_claw":2,"minecraft:carrot":1,"divinerpg:terran_shards":11,"weaponmaster:weaponkit":1,"minecraft:big_dripleaf":1,"minecraft:potato":1,"minecraft:gunpowder":4,"divinerpg:realmite_sword":1,"minecraft:iron_chestplate":1,"minecraft:stone_bricks":2,"minecraft:spider_eye":2,"minecraft:iron_bars":3,"minecraft:arrow":2,"minecraft:bow":3,"mmorpg:jewelry/ring/iron":1},"minecraft:used":{"divinerpg:realmite_pickaxe":374,"minecraft:chest":2,"minecraft:shield":1,"minecraft:iron_sword":54,"minecraft:rotten_flesh":3,"minecraft:torch":35,"minecraft:dirt":22,"iceandfire:ghost_chest":1,"divinerpg:realmite_sword":153,"minecraft:furnace":3,"minecraft:egg":1,"minecraft:cooked_beef":7,"minecraft:cobbled_deepslate":16,"divinerpg:realmite_axe":22,"minecraft:cooked_mutton":3,"minecraft:water_bucket":8,"minecraft:diorite":1,"minecraft:stone_pickaxe":131,"minecraft:wooden_pickaxe":11,"minecraft:crafting_table":9,"weaponmaster:wm_broadswordlarge":5,"travelersbackpack:wolf":7,"mmorpg:weapon/staff/wood":26,"minecraft:cobblestone":88,"minecraft:cooked_porkchop":3,"minecraft:porkchop":2,"minecraft:andesite":31,"minecraft:bucket":11,"minecraft:oak_boat":3,"minecraft:cobweb":6},"minecraft:killed":{"divinerpg:caveclops":1,"divinerpg:cyclops":1,"minecraft:spider":3,"minecraft:skeleton":6,"minecraft:fox":1,"divinerpg:rotatick":1,"divinerpg:kobblin":3,"minecraft:drowned":1,"divinerpg:crab":1,"minecraft:wolf":2,"minecraft:pig":3,"divinerpg:pumpkin_spider":2,"minecraft:zombie":12,"iceandfire:ghost":5,"minecraft:cow":4},"minecraft:crafted":{"minecraft:oak_planks":44,"divinerpg:realmite_boots":1,"divinerpg:realmite_helmet":1,"minecraft:furnace":2,"divinerpg:realmite_chestplate":1,"minecraft:glass":29,"travelersbackpack:white_sleeping_bag":1,"divinerpg:realmite_ingot":40,"minecraft:stone_pickaxe":1,"minecraft:chest":3,"divinerpg:realmite_leggings":1,"weaponmaster:weaponkit":2,"minecraft:cooked_beef":7,"minecraft:crafting_table":4,"travelersbackpack:backpack_tank":2,"minecraft:wooden_pickaxe":1,"travelersbackpack:standard":1,"divinerpg:realmite_axe":1,"minecraft:bucket":2,"minecraft:birch_planks":24,"minecraft:stone_axe":1,"divinerpg:realmite_pickaxe":2,"minecraft:air":0,"minecraft:oak_boat":1,"travelersbackpack:wolf":1,"minecraft:stick":24,"minecraft:iron_ingot":56,"divinerpg:realmite_sword":1,"minecraft:wooden_axe":1,"minecraft:torch":16},"minecraft:killed_by":{"iceandfire:gorgon":2},"minecraft:broken":{"minecraft:iron_leggings":1,"divinerpg:realmite_boots":1,"minecraft:stone_pickaxe":1,"divinerpg:realmite_pickaxe":1,"divinerpg:realmite_chestplate":1,"minecraft:iron_helmet":1},"minecraft:mined":{"iceandfire:silver_ore":17,"minecraft:deepslate_diamond_ore":7,"divinerpg:realmite_ore":60,"minecraft:granite":4,"minecraft:grass_block":1,"minecraft:spruce_leaves":1,"minecraft:furnace":3,"minecraft:iron_ore":54,"minecraft:andesite":31,"minecraft:vine":1,"minecraft:deepslate_iron_ore":2,"minecraft:iron_bars":2,"minecraft:stone":253,"minecraft:crafting_table":7,"minecraft:torch":4,"iceandfire:ghost_chest":2,"minecraft:cobblestone":11,"minecraft:sugar_cane":3,"minecraft:wall_torch":8,"minecraft:diorite":1,"minecraft:big_dripleaf":1,"minecraft:birch_log":5,"minecraft:birch_leaves":2,"minecraft:grass":10,"minecraft:coal_ore":55,"minecraft:oak_log":9,"minecraft:gravel":5,"minecraft:dirt":2,"minecraft:cobweb":6,"minecraft:oak_leaves":6,"minecraft:deepslate":6,"minecraft:fern":4},"minecraft:picked_up":{"minecraft:iron_chestplate":2,"minecraft:crafting_table":7,"minecraft:golden_pickaxe":2,"mmorpg:jewelry/ring/iron":2,"minecraft:potion":1,"minecraft:shield":1,"iceandfire:sea_serpent_scales_blue":9,"iceandfire:manuscript":12,"minecraft:string":9,"minecraft:raw_copper":15,"minecraft:iron_leggings":6,"iceandfire:sea_serpent_scales_bronze":14,"minecraft:gold_nugget":16,"minecraft:cobbled_deepslate":16,"mmorpg:gems/tourmaline/0":1,"minecraft:beef":13,"minecraft:oak_boat":2,"minecraft:sugar_cane":9,"mmorpg:offhand/tome/iron":1,"divinerpg:crab_claw":2,"minecraft:furnace":3,"minecraft:egg":1,"mmorpg:gems/opal/0":2,"mmorpg:skill_gems/support/dex":2,"minecraft:stick":6,"mmorpg:material/mining/0":2,"minecraft:raw_iron":56,"iceandfire:ghost_chest":1,"minecraft:music_disc_blocks":1,"divinerpg:realmite_sword":1,"minecraft:copper_ingot":1,"minecraft:big_dripleaf":1,"weaponmaster:weaponkit":1,"divinerpg:terran_shards":11,"minecraft:torch":19,"minecraft:porkchop":6,"mmorpg:currency/affix_tier_up_down":1,"mmorpg:jewelry/necklace/iron":1,"minecraft:diorite":1,"mmorpg:skill_gems/support/int":1,"minecraft:carrot":1,"iceandfire:silver_ingot":3,"minecraft:arrow":2,"minecraft:rotten_flesh":21,"weaponmaster:wm_broadsword":1,"divinerpg:raw_realmite":60,"minecraft:gold_ingot":1,"minecraft:glow_berries":2,"minecraft:mutton":4,"minecraft:iron_bars":3,"minecraft:white_wool":8,"minecraft:cobblestone":217,"minecraft:birch_log":6,"iceandfire:sea_serpent_fang":1,"minecraft:andesite":31,"minecraft:leather":14,"minecraft:red_mushroom":1,"minecraft:potato":1,"minecraft:oak_log":11,"iceandfire:ectoplasm":5,"divinerpg:rupee_ingot":1,"minecraft:gunpowder":4,"minecraft:dirt":25,"minecraft:cooked_mutton":4,"minecraft:bone":13,"minecraft:stone_bricks":2,"minecraft:bow":2,"minecraft:wheat_seeds":5,"minecraft:iron_ingot":4,"minecraft:stone_pickaxe":1,"minecraft:cobweb":10,"travelersbackpack:bee":1,"weaponmaster:tutorialbook":2,"minecraft:stone_hoe":1,"minecraft:iron_sword":1,"minecraft:oak_planks":4,"divinerpg:realmite_pickaxe":1,"divinerpg:realmite_ingot":7,"minecraft:cooked_porkchop":3,"minecraft:pumpkin":2,"divinerpg:cyclops_eye_shards":1,"minecraft:gravel":4,"mmorpg:stat_soul":1,"minecraft:sand":29,"mmorpg:weapon/staff/wood":3,"minecraft:spider_eye":2,"mmorpg:rare_mats/mining/greater":1,"minecraft:diamond":7,"minecraft:iron_helmet":4,"minecraft:coal":105,"iceandfire:raw_silver":17}},"DataVersion":3465}