{"stats":{"minecraft:crafted":{"minecraft:cooked_beef":7,"minecraft:oak_planks":24,"divinerpg:realmite_boots":1,"divinerpg:realmite_helmet":1,"minecraft:crafting_table":3,"minecraft:wooden_pickaxe":1,"minecraft:furnace":1,"divinerpg:realmite_axe":1,"divinerpg:realmite_chestplate":1,"minecraft:birch_planks":24,"minecraft:stone_axe":1,"divinerpg:realmite_pickaxe":1,"minecraft:air":0,"divinerpg:realmite_ingot":40,"minecraft:stick":12,"minecraft:stone_pickaxe":1,"divinerpg:realmite_sword":1,"minecraft:wooden_axe":1,"minecraft:chest":2,"divinerpg:realmite_leggings":1},"minecraft:dropped":{"minecraft:wheat_seeds":1,"mmorpg:skill_gems/support/dex":1,"weaponmaster:tutorialbook":1,"minecraft:cobblestone":1,"minecraft:rotten_flesh":6,"minecraft:leather":5,"weaponmaster:wm_broadsword":1,"minecraft:stick":4,"minecraft:gunpowder":1,"minecraft:iron_chestplate":1,"minecraft:spider_eye":2,"divinerpg:realmite_pickaxe":1,"minecraft:arrow":1,"minecraft:bow":2},"minecraft:mined":{"divinerpg:realmite_ore":48,"minecraft:crafting_table":1,"minecraft:torch":2,"minecraft:sugar_cane":2,"minecraft:wall_torch":6,"minecraft:furnace":1,"minecraft:birch_log":5,"minecraft:andesite":22,"minecraft:grass":6,"minecraft:oak_log":5,"minecraft:coal_ore":35,"minecraft:stone":86,"minecraft:oak_leaves":1},"minecraft:custom":{"minecraft:blood":0,"minecraft:interact_with_furnace":31,"minecraft:mob_kills":25,"minecraft:dexterity":6,"minecraft:intelligence":5,"minecraft:move_speed":0,"minecraft:interact_with_crafting_table":17,"minecraft:time_since_death":60366,"minecraft:levels_gained":4,"minecraft:mana":130,"minecraft:time_since_rest":60366,"minecraft:magic_shield":0,"minecraft:sprint_one_cm":119028,"minecraft:damage_absorbed":1754,"minecraft:damage_taken":1487,"minecraft:walk_one_cm":143848,"minecraft:drop":24,"minecraft:damage_dealt":4035,"minecraft:health":184,"minecraft:swim_one_cm":12866,"minecraft:fly_one_cm":81156,"minecraft:open_chest":11,"minecraft:crouch_one_cm":8258,"minecraft:play_time":60366,"minecraft:sneak_time":5371,"minecraft:walk_under_water_one_cm":4505,"minecraft:jump":670,"minecraft:energy":140,"minecraft:walk_on_water_one_cm":20748,"minecraft:strength":16,"minecraft:total_world_time":60366,"minecraft:fall_one_cm":8582},"minecraft:used":{"divinerpg:realmite_pickaxe":50,"minecraft:stone_pickaxe":131,"minecraft:chest":2,"minecraft:wooden_pickaxe":11,"minecraft:iron_sword":54,"minecraft:rotten_flesh":3,"minecraft:torch":9,"minecraft:crafting_table":3,"weaponmaster:wm_broadswordlarge":4,"mmorpg:weapon/staff/wood":24,"divinerpg:realmite_sword":10,"minecraft:cobblestone":3,"minecraft:porkchop":2,"minecraft:furnace":1,"minecraft:cooked_beef":3,"divinerpg:realmite_axe":7},"minecraft:killed":{"minecraft:pig":1,"divinerpg:cyclops":1,"minecraft:spider":2,"divinerpg:pumpkin_spider":2,"minecraft:skeleton":3,"minecraft:zombie":7,"iceandfire:ghost":3,"divinerpg:kobblin":3,"minecraft:cow":3},"minecraft:picked_up":{"minecraft:birch_log":6,"minecraft:iron_chestplate":1,"minecraft:crafting_table":1,"minecraft:andesite":22,"minecraft:leather":5,"minecraft:oak_log":6,"iceandfire:ectoplasm":2,"minecraft:shield":1,"minecraft:gunpowder":1,"minecraft:string":2,"minecraft:dirt":3,"minecraft:raw_copper":15,"minecraft:iron_leggings":1,"minecraft:bone":6,"minecraft:bow":1,"minecraft:wheat_seeds":1,"mmorpg:gems/tourmaline/0":1,"minecraft:beef":7,"minecraft:stone_pickaxe":1,"weaponmaster:tutorialbook":2,"minecraft:sugar_cane":3,"minecraft:iron_sword":1,"minecraft:furnace":1,"divinerpg:realmite_pickaxe":1,"mmorpg:skill_gems/support/dex":2,"mmorpg:gems/opal/0":1,"minecraft:stick":5,"mmorpg:material/mining/0":1,"minecraft:pumpkin":2,"weaponmaster:weaponkit":1,"divinerpg:cyclops_eye_shards":1,"minecraft:torch":15,"divinerpg:terran_shards":3,"minecraft:porkchop":2,"mmorpg:jewelry/necklace/iron":1,"minecraft:carrot":1,"minecraft:spider_eye":2,"minecraft:arrow":1,"minecraft:rotten_flesh":9,"weaponmaster:wm_broadsword":1,"divinerpg:raw_realmite":48,"minecraft:iron_helmet":1,"minecraft:coal":49,"minecraft:cobblestone":96},"minecraft:broken":{"minecraft:stone_pickaxe":1}},"DataVersion":3465}