{"stats":{"minecraft:custom":{"minecraft:blood":0,"minecraft:mob_kills":136,"minecraft:interact_with_anvil":1,"minecraft:dexterity":11,"minecraft:interact_with_crafting_table":20,"minecraft:leave_game":16,"minecraft:time_since_death":53448,"minecraft:climb_one_cm":279,"minecraft:mana":239,"minecraft:magic_shield":0,"minecraft:sprint_one_cm":416193,"minecraft:walk_one_cm":822958,"minecraft:drop":57,"minecraft:health":273,"minecraft:play_time":325303,"minecraft:deaths":7,"minecraft:sneak_time":1900,"minecraft:walk_under_water_one_cm":16087,"minecraft:boat_one_cm":218435,"minecraft:jump":4070,"minecraft:energy":210,"minecraft:walk_on_water_one_cm":53065,"minecraft:total_world_time":325303,"minecraft:interact_with_furnace":16,"minecraft:intelligence":10,"minecraft:move_speed":0,"minecraft:interact_with_loom":1,"minecraft:sleep_in_bed":1,"minecraft:levels_gained":7,"minecraft:time_since_rest":36152,"minecraft:damage_taken":6048,"minecraft:damage_absorbed":3275,"minecraft:trigger_trapped_chest":1,"minecraft:damage_dealt":690,"minecraft:swim_one_cm":31732,"minecraft:fly_one_cm":559168,"minecraft:player_kills":1,"minecraft:open_chest":15,"minecraft:crouch_one_cm":6948,"minecraft:strength":16,"minecraft:fall_one_cm":82165},"minecraft:dropped":{"mmorpg:stat_soul":63,"minecraft:brown_mushroom":2,"minecraft:wheat_seeds":1,"minecraft:diamond":2,"minecraft:dripstone_block":1,"irons_spellbooks:shadowwalker_leggings":1,"irons_spellbooks:shadowwalker_chestplate":1,"minecraft:crossbow":1,"minecraft:iron_helmet":2,"minecraft:feather":3,"minecraft:leather":4,"mmorpg:weapon/staff/wood":1,"minecraft:stick":6,"mmorpg:gems/emerald/0":1,"minecraft:iron_leggings":1,"minecraft:string":14,"minecraft:birch_log":1,"minecraft:white_wool":6,"minecraft:redstone":4,"minecraft:gravel":1,"iceandfire:troll_weapon_trunk":1,"irons_spellbooks:shadowwalker_boots":1,"minecraft:raw_copper":2,"minecraft:pointed_dripstone":7,"minecraft:chicken":6,"minecraft:iron_boots":3,"weaponmaster:taglockkit":3,"irons_spellbooks:shadowwalker_helmet":1,"divinerpg:crab_claw":2,"weaponmaster:weaponkit":2,"mmorpg:plate_set":3,"minecraft:iron_chestplate":1,"minecraft:andesite":6,"minecraft:spider_eye":1,"minecraft:slime_ball":3,"minecraft:arrow":24,"minecraft:bow":2,"minecraft:stone_pickaxe":1,"minecraft:wooden_pickaxe":1,"minecraft:egg":3},"minecraft:used":{"irons_spellbooks:inscription_table":1,"mmorpg:gear_crafting_station":2,"minecraft:iron_sword":3,"weaponmaster:workstation":10,"travelersbackpack:diamond":5,"minecraft:torch":8,"minecraft:dirt":49,"minecraft:anvil":2,"minecraft:mutton":1,"minecraft:carrot":1,"weaponmaster:wm_broadsword":13,"minecraft:iron_boots":1,"irons_spellbooks:shadowwalker_boots":1,"divinerpg:realmite_sword":13,"minecraft:furnace":4,"minecraft:cobbled_deepslate":35,"minecraft:cooked_mutton":8,"minecraft:stone_pickaxe":113,"minecraft:wooden_pickaxe":36,"travelersbackpack:bee":1,"minecraft:crafting_table":5,"minecraft:apple":1,"minecraft:bread":2,"minecraft:iron_pickaxe":176,"irons_spellbooks:scroll_forge":1,"minecraft:fire_charge":1,"minecraft:cobblestone":83},"minecraft:killed":{"divinerpg:caveclops":1,"minecraft:spider":7,"divinerpg:the_eye":2,"minecraft:slime":1,"minecraft:skeleton":13,"minecraft:chicken":2,"divinerpg:rotatick":2,"minecraft:drowned":1,"divinerpg:ender_spider":3,"iceandfire:hippocampus":1,"divinerpg:crab":1,"minecraft:pig":4,"iceandfire:troll":2,"minecraft:creeper":7,"minecraft:sheep":3,"minecraft:zombie":20,"iceandfire:ghost":1,"minecraft:enderman":2},"minecraft:crafted":{"minecraft:oak_planks":44,"minecraft:furnace":4,"minecraft:cooked_mutton":6,"weaponmaster:weaponkit":2,"minecraft:crafting_table":1,"minecraft:wooden_pickaxe":1,"minecraft:air":0,"minecraft:stick":16,"minecraft:iron_pickaxe":1,"minecraft:iron_ingot":26,"minecraft:stone_sword":1,"minecraft:torch":4},"minecraft:killed_by":{"minecraft:creeper":1,"minecraft:skeleton":4},"minecraft:mined":{"iceandfire:silver_ore":10,"minecraft:deepslate_diamond_ore":8,"minecraft:granite":12,"minecraft:grass_block":1,"minecraft:iron_ore":31,"minecraft:fire":1,"minecraft:andesite":24,"minecraft:deepslate_lapis_ore":1,"minecraft:gold_block":2,"minecraft:pointed_dripstone":1,"minecraft:vine":1,"weaponmaster:workstation":8,"minecraft:stone":172,"mmorpg:station/gear_crafting":1,"minecraft:deepslate_redstone_ore":1,"minecraft:torch":2,"minecraft:tall_grass":4,"minecraft:copper_ore":4,"minecraft:cobblestone":5,"minecraft:sugar_cane":8,"minecraft:diorite":3,"minecraft:wall_torch":1,"minecraft:seagrass":1,"minecraft:grass":7,"minecraft:oak_log":12,"minecraft:coal_ore":8,"minecraft:dirt":1,"minecraft:small_dripleaf":1,"minecraft:oak_leaves":5,"minecraft:deepslate":34},"minecraft:picked_up":{"irons_spellbooks:scroll":1,"minecraft:crafting_table":3,"minecraft:chicken":6,"minecraft:brown_mushroom":2,"minecraft:wooden_pickaxe":1,"mmorpg:jewelry/ring/iron":2,"mmorpg:gear_crafting_station":2,"minecraft:string":20,"irons_spellbooks:shadowwalker_boots":1,"minecraft:raw_copper":2,"minecraft:iron_leggings":1,"mmorpg:material/mining/5":1,"irons_spellbooks:shadowwalker_leggings":1,"irons_spellbooks:arcane_essence":11,"minecraft:cobbled_deepslate":49,"minecraft:beef":3,"minecraft:sugar_cane":14,"minecraft:iron_boots":3,"minecraft:egg":6,"divinerpg:crab_claw":2,"mmorpg:gems/emerald/0":1,"divinerpg:arlemite_ingot":1,"minecraft:stick":7,"minecraft:raw_iron":30,"iceandfire:troll_tusk":3,"minecraft:torch":54,"divinerpg:terran_shards":1,"irons_spellbooks:shadowwalker_chestplate":1,"minecraft:porkchop":3,"mmorpg:jewelry/necklace/iron":1,"minecraft:pointed_dripstone":12,"minecraft:diorite":3,"mmorpg:skill_gems/support/int":1,"minecraft:carrot":1,"minecraft:redstone":8,"minecraft:arrow":24,"minecraft:rotten_flesh":31,"weaponmaster:wm_broadsword":1,"minecraft:hay_block":10,"minecraft:mutton":9,"iceandfire:troll_weapon_trunk":1,"minecraft:white_wool":9,"minecraft:cobblestone":261,"minecraft:birch_log":1,"minecraft:feather":3,"minecraft:andesite":6,"minecraft:salmon":1,"minecraft:leather":10,"minecraft:oak_log":11,"minecraft:lapis_lazuli":6,"minecraft:dirt":53,"minecraft:cooked_mutton":2,"minecraft:bone":15,"minecraft:apple":1,"minecraft:bow":4,"minecraft:wheat_seeds":2,"minecraft:stone_pickaxe":1,"minecraft:iron_ingot":2,"minecraft:dripstone_block":1,"minecraft:gravel":1,"mmorpg:weapon/staff/wood":1,"divinerpg:ender_shards":2,"minecraft:spider_eye":2,"minecraft:slime_ball":3,"mmorpg:plate_set":3,"weaponmaster:workstation":8,"minecraft:diamond":12,"minecraft:iron_helmet":2,"minecraft:crossbow":1,"mmorpg:rare_mats/mining/lesser":1,"mmorpg:stone/1":1,"irons_spellbooks:shadowwalker_helmet":1,"iceandfire:gorgon_head":1,"minecraft:coal":11,"iceandfire:raw_silver":11,"minecraft:ender_pearl":5}},"DataVersion":3465}