{"stats":{"minecraft:killed":{"minecraft:pig":2,"minecraft:spider":4,"minecraft:creeper":3,"minecraft:sheep":3,"minecraft:skeleton":7,"minecraft:zombie":15,"divinerpg:rotatick":2},"minecraft:crafted":{"minecraft:oak_planks":40,"minecraft:crafting_table":1,"minecraft:wooden_pickaxe":1,"minecraft:furnace":3,"minecraft:cooked_mutton":6,"minecraft:air":0,"minecraft:stick":8,"minecraft:iron_ingot":9,"minecraft:iron_pickaxe":1,"weaponmaster:weaponkit":2,"minecraft:torch":4},"minecraft:dropped":{"minecraft:wheat_seeds":1,"irons_spellbooks:shadowwalker_boots":1,"minecraft:raw_copper":2,"minecraft:diamond":2,"minecraft:dripstone_block":1,"irons_spellbooks:shadowwalker_leggings":1,"irons_spellbooks:shadowwalker_chestplate":1,"minecraft:pointed_dripstone":7,"minecraft:crossbow":1,"minecraft:iron_helmet":2,"minecraft:iron_boots":1,"irons_spellbooks:shadowwalker_helmet":1,"minecraft:stick":6,"weaponmaster:weaponkit":2,"minecraft:andesite":6,"minecraft:iron_leggings":1,"minecraft:bow":2,"minecraft:arrow":13,"minecraft:wooden_pickaxe":1,"minecraft:egg":3,"minecraft:redstone":4},"minecraft:custom":{"minecraft:blood":0,"minecraft:interact_with_furnace":7,"minecraft:interact_with_anvil":1,"minecraft:mob_kills":80,"minecraft:dexterity":8,"minecraft:intelligence":8,"minecraft:move_speed":0,"minecraft:interact_with_crafting_table":16,"minecraft:leave_game":13,"minecraft:time_since_death":99147,"minecraft:levels_gained":5,"minecraft:mana":170,"minecraft:time_since_rest":99213,"minecraft:magic_shield":0,"minecraft:sprint_one_cm":148049,"minecraft:damage_absorbed":3214,"minecraft:damage_taken":3990,"minecraft:walk_one_cm":482692,"minecraft:drop":28,"minecraft:health":184,"minecraft:player_kills":1,"minecraft:swim_one_cm":2088,"minecraft:fly_one_cm":208433,"minecraft:open_chest":7,"minecraft:crouch_one_cm":4273,"minecraft:play_time":189975,"minecraft:deaths":6,"minecraft:sneak_time":992,"minecraft:walk_under_water_one_cm":8131,"minecraft:jump":1887,"minecraft:energy":170,"minecraft:walk_on_water_one_cm":14928,"minecraft:strength":14,"minecraft:total_world_time":189975,"minecraft:fall_one_cm":38546},"minecraft:picked_up":{"irons_spellbooks:scroll":1,"minecraft:crafting_table":3,"minecraft:andesite":6,"minecraft:leather":8,"minecraft:wooden_pickaxe":1,"mmorpg:jewelry/ring/iron":1,"mmorpg:gear_crafting_station":1,"minecraft:oak_log":10,"minecraft:dirt":24,"minecraft:lapis_lazuli":6,"minecraft:string":6,"irons_spellbooks:shadowwalker_boots":1,"minecraft:raw_copper":2,"minecraft:iron_leggings":1,"minecraft:cooked_mutton":2,"irons_spellbooks:shadowwalker_leggings":1,"minecraft:bone":9,"minecraft:bow":4,"irons_spellbooks:arcane_essence":11,"minecraft:wheat_seeds":1,"minecraft:cobbled_deepslate":49,"minecraft:iron_ingot":2,"minecraft:stone_pickaxe":1,"minecraft:iron_boots":1,"minecraft:egg":6,"minecraft:stick":7,"minecraft:raw_iron":13,"minecraft:torch":1,"minecraft:dripstone_block":1,"irons_spellbooks:shadowwalker_chestplate":1,"mmorpg:jewelry/necklace/iron":1,"minecraft:pointed_dripstone":12,"minecraft:diorite":3,"minecraft:redstone":8,"minecraft:spider_eye":1,"minecraft:arrow":13,"minecraft:rotten_flesh":22,"weaponmaster:workstation":7,"minecraft:diamond":12,"weaponmaster:wm_broadsword":1,"minecraft:iron_helmet":2,"minecraft:crossbow":1,"irons_spellbooks:shadowwalker_helmet":1,"minecraft:mutton":9,"minecraft:coal":11,"minecraft:white_wool":6,"iceandfire:raw_silver":2,"minecraft:cobblestone":155},"minecraft:killed_by":{"minecraft:skeleton":4},"minecraft:mined":{"minecraft:deepslate_redstone_ore":1,"iceandfire:silver_ore":2,"minecraft:deepslate_diamond_ore":8,"minecraft:copper_ore":1,"minecraft:cobblestone":1,"minecraft:diorite":3,"minecraft:wall_torch":1,"minecraft:iron_ore":13,"minecraft:andesite":6,"minecraft:deepslate_lapis_ore":1,"minecraft:gold_block":2,"minecraft:grass":4,"minecraft:pointed_dripstone":1,"minecraft:oak_log":11,"minecraft:coal_ore":8,"weaponmaster:workstation":7,"minecraft:stone":97,"minecraft:oak_leaves":5,"minecraft:deepslate":34},"minecraft:used":{"irons_spellbooks:inscription_table":1,"minecraft:cooked_mutton":2,"mmorpg:gear_crafting_station":1,"minecraft:stone_pickaxe":113,"minecraft:wooden_pickaxe":36,"weaponmaster:workstation":9,"travelersbackpack:diamond":1,"minecraft:torch":3,"minecraft:dirt":24,"minecraft:anvil":2,"minecraft:mutton":1,"minecraft:crafting_table":4,"minecraft:iron_pickaxe":37,"weaponmaster:wm_broadsword":4,"irons_spellbooks:scroll_forge":1,"minecraft:furnace":3,"minecraft:cobbled_deepslate":35}},"DataVersion":3465}