{"stats":{"minecraft:crafted":{"minecraft:oak_planks":28,"minecraft:cooked_chicken":1,"minecraft:furnace":1,"minecraft:cooked_mutton":6,"divinerpg:realmite_ingot":3,"minecraft:stone_pickaxe":4,"minecraft:cooked_beef":6,"minecraft:cooked_porkchop":3,"minecraft:crafting_table":2,"minecraft:wooden_pickaxe":1,"minecraft:bucket":1,"minecraft:birch_planks":12,"minecraft:stone_axe":2,"divinerpg:realmite_pickaxe":1,"minecraft:air":0,"minecraft:oak_boat":1,"minecraft:stick":16,"minecraft:iron_ingot":5,"minecraft:gold_ingot":22,"minecraft:torch":4},"minecraft:dropped":{"minecraft:iron_ingot":2,"minecraft:iron_sword":3,"minecraft:birch_planks":3,"minecraft:oak_log":32,"minecraft:diamond":1,"mmorpg:skill_gems/support/dex":1,"weaponmaster:tutorialbook":6,"minecraft:dripstone_block":4,"irons_spellbooks:shadowwalker_leggings":1,"irons_spellbooks:shadowwalker_chestplate":1,"minecraft:crossbow":1,"divinerpg:raw_realmite":2,"minecraft:iron_helmet":1,"minecraft:leather":8,"minecraft:granite":2,"minecraft:copper_ingot":1,"mmorpg:gems/tourmaline/0":1,"minecraft:coal":14,"minecraft:red_mushroom":4,"minecraft:torch":8,"minecraft:iron_leggings":3,"minecraft:gold_nugget":1,"divinerpg:realmite_pickaxe":2,"minecraft:gravel":3,"irons_spellbooks:shadowwalker_boots":1,"minecraft:cobbled_deepslate":11,"minecraft:pointed_dripstone":3,"minecraft:chicken":1,"minecraft:rotten_flesh":32,"irons_spellbooks:shadowwalker_helmet":1,"minecraft:cooked_mutton":2,"minecraft:andesite":3,"minecraft:oak_sapling":1,"minecraft:bow":5,"minecraft:stone_pickaxe":2,"minecraft:wooden_pickaxe":2,"mmorpg:gems/topaz/0":2,"minecraft:magma_block":3},"minecraft:mined":{"minecraft:granite":2,"minecraft:grass_block":15,"minecraft:magma_block":3,"minecraft:furnace":5,"minecraft:iron_ore":1,"minecraft:andesite":3,"minecraft:deepslate_iron_ore":3,"minecraft:stone":342,"minecraft:crafting_table":7,"minecraft:torch":8,"minecraft:copper_ore":4,"minecraft:cobblestone":20,"minecraft:diorite":16,"minecraft:wall_torch":6,"minecraft:seagrass":1,"minecraft:birch_log":11,"minecraft:birch_leaves":1,"minecraft:grass":4,"minecraft:coal_ore":24,"minecraft:oak_log":73,"minecraft:dirt":14,"minecraft:dripstone_block":4,"minecraft:gravel":3,"minecraft:oak_leaves":29,"minecraft:deepslate":30},"minecraft:killed_by":{"minecraft:player":1,"irons_spellbooks:necromancer":1,"minecraft:skeleton":2,"minecraft:zombie":2},"minecraft:custom":{"minecraft:blood":0,"minecraft:mob_kills":42,"minecraft:interact_with_anvil":1,"minecraft:dexterity":11,"minecraft:interact_with_crafting_table":23,"minecraft:time_since_death":67466,"minecraft:mana":189,"minecraft:magic_shield":8,"minecraft:sprint_one_cm":162505,"minecraft:walk_one_cm":488208,"minecraft:drop":84,"minecraft:health":158,"minecraft:play_time":165367,"minecraft:deaths":8,"minecraft:sneak_time":4565,"minecraft:walk_under_water_one_cm":21005,"minecraft:boat_one_cm":7245,"minecraft:jump":1096,"minecraft:energy":200,"minecraft:walk_on_water_one_cm":18340,"minecraft:total_world_time":165367,"minecraft:interact_with_furnace":47,"minecraft:intelligence":9,"minecraft:move_speed":0,"minecraft:levels_gained":5,"minecraft:time_since_rest":67512,"minecraft:damage_taken":5999,"minecraft:damage_absorbed":3042,"minecraft:damage_dealt":5117,"minecraft:swim_one_cm":5677,"minecraft:fly_one_cm":65010,"minecraft:open_chest":12,"minecraft:crouch_one_cm":11382,"minecraft:strength":10,"minecraft:fall_one_cm":47789},"minecraft:used":{"divinerpg:realmite_pickaxe":110,"minecraft:iron_sword":117,"minecraft:torch":23,"minecraft:dirt":39,"minecraft:furnace":3,"minecraft:cooked_beef":1,"minecraft:cobbled_deepslate":21,"minecraft:iron_leggings":3,"minecraft:water_bucket":29,"minecraft:diorite":6,"weaponmaster:wm_rapierlarge":4,"minecraft:stone_pickaxe":254,"minecraft:wooden_pickaxe":4,"minecraft:crafting_table":5,"minecraft:crossbow":14,"minecraft:oak_log":1,"minecraft:stone_axe":128,"minecraft:cobblestone":133,"irons_spellbooks:shadowwalker_helmet":1,"irons_spellbooks:shadowwalker_chestplate":1,"minecraft:bucket":29,"minecraft:oak_boat":1,"minecraft:golden_pickaxe":94},"minecraft:killed":{"irons_spellbooks:summoned_zombie":3,"divinerpg:cave_crawler":1,"minecraft:spider":3,"minecraft:skeleton":7,"minecraft:bee":1,"minecraft:chicken":1,"divinerpg:kobblin":2,"irons_spellbooks:summoned_skeleton":1,"iceandfire:troll":1,"minecraft:creeper":1,"minecraft:sheep":3,"minecraft:zombie":12,"minecraft:cow":4},"minecraft:broken":{"minecraft:stone_pickaxe":1,"minecraft:stone_axe":1,"minecraft:golden_pickaxe":1,"minecraft:golden_chestplate":1},"minecraft:picked_up":{"minecraft:fishing_rod":1,"minecraft:iron_chestplate":1,"minecraft:crafting_table":4,"mmorpg:gems/topaz/0":2,"minecraft:chicken":2,"minecraft:wooden_pickaxe":1,"minecraft:gold_block":2,"minecraft:string":4,"irons_spellbooks:shadowwalker_boots":1,"minecraft:iron_leggings":5,"irons_spellbooks:shadowwalker_leggings":1,"minecraft:cobbled_deepslate":32,"mmorpg:gems/tourmaline/0":1,"minecraft:beef":6,"minecraft:oak_boat":1,"mmorpg:offhand/tome/iron":2,"minecraft:iron_boots":2,"minecraft:furnace":5,"mmorpg:skill_gems/support/dex":1,"minecraft:raw_iron":4,"minecraft:stick":5,"minecraft:copper_ingot":1,"weaponmaster:weaponkit":1,"minecraft:torch":40,"irons_spellbooks:shadowwalker_chestplate":1,"minecraft:porkchop":3,"mmorpg:jewelry/necklace/iron":1,"minecraft:pointed_dripstone":3,"minecraft:diorite":16,"minecraft:arrow":29,"minecraft:rotten_flesh":32,"divinerpg:raw_realmite":2,"minecraft:mutton":4,"minecraft:cobblestone":297,"minecraft:birch_log":5,"minecraft:magma_block":3,"minecraft:andesite":3,"minecraft:leather":10,"minecraft:red_mushroom":4,"minecraft:oak_log":105,"minecraft:gunpowder":3,"divinerpg:rupee_ingot":1,"minecraft:dirt":40,"minecraft:bone":13,"minecraft:bow":4,"minecraft:raw_gold":1,"weaponmaster:tutorialbook":5,"minecraft:iron_sword":2,"divinerpg:realmite_pickaxe":2,"minecraft:dripstone_block":4,"minecraft:gravel":6,"mmorpg:stat_soul":2,"minecraft:diamond":2,"minecraft:crossbow":2,"minecraft:iron_helmet":2,"minecraft:granite":2,"irons_spellbooks:shadowwalker_helmet":1,"minecraft:oak_sapling":1,"minecraft:coal":37,"minecraft:ender_pearl":1}},"DataVersion":3465}