{"stats":{"minecraft:custom":{"minecraft:blood":0,"minecraft:interact_with_anvil":1,"minecraft:mob_kills":87,"minecraft:dexterity":11,"minecraft:open_barrel":1,"minecraft:interact_with_crafting_table":33,"minecraft:leave_game":2,"minecraft:time_since_death":5674,"minecraft:climb_one_cm":228,"minecraft:mana":190,"minecraft:magic_shield":0,"minecraft:sprint_one_cm":455003,"minecraft:walk_one_cm":782736,"minecraft:drop":156,"minecraft:health":172,"minecraft:play_time":292022,"minecraft:sneak_time":7564,"minecraft:deaths":9,"minecraft:walk_under_water_one_cm":55669,"minecraft:boat_one_cm":327756,"minecraft:jump":2364,"minecraft:energy":210,"minecraft:walk_on_water_one_cm":77276,"minecraft:total_world_time":292022,"minecraft:interact_with_furnace":63,"minecraft:intelligence":9,"minecraft:move_speed":0,"minecraft:sleep_in_bed":2,"minecraft:levels_gained":6,"minecraft:time_since_rest":5707,"minecraft:damage_taken":1651918077,"minecraft:damage_absorbed":2147483647,"minecraft:trigger_trapped_chest":1,"minecraft:damage_dealt":10609,"minecraft:swim_one_cm":86774,"minecraft:fly_one_cm":197196,"minecraft:open_chest":25,"minecraft:crouch_one_cm":16515,"minecraft:strength":10,"minecraft:fall_one_cm":73019},"minecraft:dropped":{"minecraft:stone_hoe":1,"minecraft:iron_ingot":2,"minecraft:iron_sword":3,"iceandfire:raw_silver":1,"minecraft:brown_mushroom":2,"minecraft:birch_planks":3,"minecraft:wheat_seeds":4,"minecraft:oak_log":32,"minecraft:diamond":1,"mmorpg:skill_gems/support/dex":1,"weaponmaster:tutorialbook":6,"minecraft:dripstone_block":4,"minecraft:cooked_porkchop":3,"irons_spellbooks:shadowwalker_leggings":1,"irons_spellbooks:shadowwalker_chestplate":1,"minecraft:crossbow":1,"divinerpg:raw_realmite":6,"minecraft:iron_helmet":3,"minecraft:cobblestone":2,"minecraft:leather":10,"minecraft:granite":4,"minecraft:cracked_stone_bricks":2,"minecraft:copper_ingot":1,"mmorpg:gems/tourmaline/0":1,"minecraft:coal":14,"minecraft:red_mushroom":4,"mmorpg:weapon/staff/wood":1,"minecraft:dirt":6,"minecraft:torch":8,"minecraft:iron_leggings":3,"minecraft:gold_nugget":1,"divinerpg:realmite_pickaxe":3,"minecraft:sand":29,"minecraft:birch_log":2,"minecraft:fishing_rod":1,"minecraft:gold_ingot":1,"minecraft:redstone":2,"minecraft:gravel":3,"minecraft:stone_axe":1,"divinerpg:aqua_ball":1,"irons_spellbooks:shadowwalker_boots":1,"minecraft:cobbled_deepslate":11,"minecraft:raw_copper":4,"minecraft:pointed_dripstone":3,"minecraft:chicken":1,"minecraft:rotten_flesh":37,"minecraft:oak_planks":4,"irons_spellbooks:shadowwalker_helmet":1,"minecraft:cooked_mutton":6,"minecraft:salmon":1,"mmorpg:plate_set":6,"minecraft:gunpowder":8,"mmorpg:offhand/tome/iron":1,"minecraft:andesite":38,"minecraft:oak_sapling":6,"minecraft:spider_eye":2,"minecraft:wooden_pickaxe":2,"minecraft:bow":7,"minecraft:stone_pickaxe":3,"minecraft:nautilus_shell":1,"mmorpg:gems/topaz/0":2,"minecraft:magma_block":3},"minecraft:used":{"divinerpg:realmite_pickaxe":289,"minecraft:iron_sword":117,"minecraft:stone_hoe":71,"minecraft:torch":29,"minecraft:dirt":39,"minecraft:granite":2,"minecraft:axolotl_bucket":1,"minecraft:lava_bucket":4,"minecraft:iron_axe":140,"minecraft:furnace":4,"minecraft:cooked_beef":6,"minecraft:cobbled_deepslate":21,"minecraft:iron_leggings":3,"minecraft:water_bucket":79,"minecraft:diorite":6,"weaponmaster:wm_rapierlarge":12,"minecraft:stone_pickaxe":254,"minecraft:wooden_pickaxe":4,"travelersbackpack:bee":14,"minecraft:crafting_table":9,"minecraft:crossbow":32,"minecraft:oak_log":1,"minecraft:iron_pickaxe":35,"minecraft:stone_axe":173,"minecraft:cobblestone":219,"irons_spellbooks:shadowwalker_helmet":1,"irons_spellbooks:shadowwalker_chestplate":1,"minecraft:bucket":90,"minecraft:yellow_bed":1,"minecraft:oak_boat":5,"minecraft:golden_pickaxe":94},"minecraft:killed":{"divinerpg:caveclops":1,"divinerpg:aequorea":3,"irons_spellbooks:summoned_zombie":3,"minecraft:witch":1,"divinerpg:cave_crawler":2,"minecraft:spider":7,"minecraft:skeleton":9,"minecraft:bee":1,"minecraft:chicken":1,"divinerpg:kobblin":5,"minecraft:drowned":2,"irons_spellbooks:summoned_skeleton":1,"iceandfire:hippocampus":1,"divinerpg:crab":1,"minecraft:wolf":1,"minecraft:pig":4,"minecraft:salmon":1,"iceandfire:troll":1,"minecraft:creeper":3,"minecraft:sheep":5,"divinerpg:miner":1,"minecraft:zombie":17,"iceandfire:ghost":2,"iceandfire:sea_serpent":3,"minecraft:cow":8},"minecraft:crafted":{"minecraft:oak_planks":28,"mmorpg:plate_set":3,"minecraft:cooked_chicken":1,"minecraft:furnace":1,"minecraft:cooked_mutton":6,"minecraft:iron_axe":2,"divinerpg:realmite_ingot":7,"minecraft:stone_pickaxe":4,"minecraft:stone_hoe":1,"minecraft:cooked_beef":6,"minecraft:cooked_porkchop":3,"minecraft:crafting_table":2,"minecraft:wooden_pickaxe":1,"minecraft:copper_ingot":11,"minecraft:bucket":2,"minecraft:birch_planks":16,"minecraft:stone_axe":2,"divinerpg:realmite_pickaxe":1,"minecraft:air":0,"minecraft:oak_boat":1,"minecraft:shield":1,"minecraft:stick":24,"minecraft:iron_ingot":31,"minecraft:iron_pickaxe":2,"minecraft:gold_ingot":26,"minecraft:torch":8},"minecraft:killed_by":{"minecraft:player":1,"iceandfire:gorgon":1,"irons_spellbooks:necromancer":1,"minecraft:skeleton":2,"minecraft:zombie":2},"minecraft:broken":{"minecraft:iron_boots":1,"minecraft:iron_chestplate":1,"minecraft:iron_leggings":1,"minecraft:stone_pickaxe":1,"minecraft:stone_axe":1,"minecraft:iron_helmet":1,"minecraft:golden_pickaxe":1,"minecraft:golden_chestplate":1},"minecraft:mined":{"iceandfire:silver_ore":2,"divinerpg:realmite_ore":8,"minecraft:granite":5,"minecraft:grass_block":23,"divinerpg:divine_leaves":1,"divinerpg:divine_fence":1,"minecraft:hay_block":87,"minecraft:magma_block":3,"minecraft:furnace":7,"minecraft:cobbled_deepslate":1,"minecraft:iron_ore":34,"minecraft:fire":1,"minecraft:andesite":22,"minecraft:deepslate_iron_ore":3,"minecraft:iron_bars":1,"weaponmaster:workstation":1,"travelersbackpack:bee":4,"minecraft:stone":435,"minecraft:crafting_table":12,"minecraft:torch":11,"minecraft:tall_grass":1,"minecraft:copper_ore":8,"minecraft:cobblestone":29,"minecraft:lapis_ore":5,"minecraft:deepslate_gold_ore":12,"minecraft:sugar_cane":6,"minecraft:diorite":16,"minecraft:wall_torch":9,"minecraft:big_dripleaf":1,"minecraft:seagrass":3,"minecraft:birch_log":12,"minecraft:birch_leaves":3,"minecraft:yellow_bed":1,"minecraft:grass":12,"minecraft:oak_log":77,"minecraft:coal_ore":26,"minecraft:sand":29,"minecraft:gravel":3,"minecraft:dripstone_block":4,"minecraft:dirt":15,"minecraft:cracked_stone_bricks":2,"minecraft:stone_bricks":3,"minecraft:mossy_stone_bricks":1,"minecraft:gold_ore":9,"minecraft:oak_leaves":43,"minecraft:deepslate":30,"minecraft:fern":1},"minecraft:picked_up":{"minecraft:fishing_rod":1,"minecraft:iron_chestplate":1,"minecraft:crafting_table":9,"mmorpg:gems/topaz/0":2,"minecraft:chicken":2,"minecraft:brown_mushroom":2,"minecraft:wooden_pickaxe":1,"minecraft:gold_block":2,"divinerpg:aqua_ball":1,"minecraft:string":23,"irons_spellbooks:shadowwalker_boots":1,"minecraft:raw_copper":15,"minecraft:iron_leggings":5,"irons_spellbooks:shadowwalker_leggings":1,"minecraft:cracked_stone_bricks":2,"minecraft:cobbled_deepslate":32,"mmorpg:gems/tourmaline/0":1,"minecraft:beef":11,"minecraft:oak_boat":4,"minecraft:sugar_cane":5,"mmorpg:offhand/tome/iron":2,"minecraft:iron_boots":2,"minecraft:furnace":7,"divinerpg:crab_claw":3,"mmorpg:skill_gems/support/dex":2,"minecraft:stick":6,"mmorpg:material/mining/0":1,"minecraft:raw_iron":38,"minecraft:copper_ingot":2,"weaponmaster:weaponkit":2,"minecraft:torch":47,"divinerpg:terran_shards":1,"irons_spellbooks:shadowwalker_chestplate":1,"minecraft:porkchop":11,"mmorpg:jewelry/necklace/iron":2,"minecraft:pointed_dripstone":3,"minecraft:diorite":16,"minecraft:redstone":2,"minecraft:arrow":42,"minecraft:rotten_flesh":37,"minecraft:hay_block":77,"divinerpg:raw_realmite":10,"minecraft:mutton":8,"minecraft:white_wool":3,"minecraft:cobblestone":381,"minecraft:nautilus_shell":1,"minecraft:birch_log":6,"minecraft:magma_block":3,"iceandfire:sea_serpent_fang":10,"minecraft:andesite":38,"minecraft:salmon":1,"minecraft:leather":13,"minecraft:red_mushroom":4,"minecraft:oak_log":105,"minecraft:yellow_bed":1,"divinerpg:rupee_ingot":2,"minecraft:gunpowder":11,"minecraft:lapis_lazuli":26,"minecraft:dirt":46,"minecraft:bone":21,"minecraft:bow":6,"minecraft:wheat_seeds":4,"minecraft:raw_gold":22,"travelersbackpack:bee":4,"weaponmaster:tutorialbook":5,"iceandfire:sea_serpent_scales_deepblue":8,"minecraft:iron_sword":2,"divinerpg:realmite_pickaxe":2,"minecraft:cooked_porkchop":3,"iceandfire:shiny_scales":4,"minecraft:dripstone_block":4,"minecraft:gravel":6,"mmorpg:stat_soul":3,"minecraft:sand":29,"mmorpg:rare_mats/mining/medium":1,"mmorpg:weapon/staff/wood":1,"minecraft:spider_eye":2,"minecraft:slime_ball":7,"mmorpg:plate_set":3,"minecraft:diamond":2,"minecraft:iron_helmet":4,"minecraft:crossbow":2,"minecraft:granite":6,"irons_spellbooks:shadowwalker_helmet":1,"mmorpg:offhand/dodge/iron":1,"minecraft:oak_sapling":6,"minecraft:coal":39,"iceandfire:raw_silver":1,"minecraft:ender_pearl":1}},"DataVersion":3465}